https://esternidavivere.it/losalegnami.com/repository/1/5/693/2431/ita-2432.jpg;https://esternidavivere.it/losalegnami.com/repository/1/5/693/2431/2434/ita-3917.jpg;https://esternidavivere.it/losalegnami.com/repository/1/5/693/2431/2434/ita-3918.jpg;https://esternidavivere.it/losalegnami.com/repository/1/5/693/2431/2434/ita-3919.jpg;https://esternidavivere.it/losalegnami.com/repository/1/5/693/2431/2434/ita-3920.jpg;https://esternidavivere.it/losalegnami.com/repository/1/5/693/2431/2434/ita-3921.jpg;https://esternidavivere.it/losalegnami.com/repository/1/5/693/2431/2434/ita-3923.jpg;https://esternidavivere.it/losalegnami.com/repository/1/5/693/2431/2434/ita-3924.jpg;;;;;
https://esternidavivere.it/losalegnami.com/repository/1/5/8/3674/3684/ita-3705.jpg;;;;;;;;;;;;
https://esternidavivere.it/losalegnami.com/repository/1/5/693/2411/ita-2412.jpg;https://esternidavivere.it/losalegnami.com/repository/1/5/693/2411/2414/ita-2509.jpg;https://esternidavivere.it/losalegnami.com/repository/1/5/693/2411/2414/ita-3927.jpg;https://esternidavivere.it/losalegnami.com/repository/1/5/693/2369/2372/ita-3943.jpg;https://esternidavivere.it/losalegnami.com/repository/1/5/693/2369/2372/ita-3944.jpg;https://esternidavivere.it/losalegnami.com/repository/1/5/693/2369/2372/ita-3945.jpg;https://esternidavivere.it/losalegnami.com/repository/1/5/693/2369/2372/ita-3946.jpg;;;;;;
https://esternidavivere.it/losalegnami.com/repository/1/5/8/3674/3684/ita-3705.jpg;;;;;;;;;;;;
https://esternidavivere.it/losalegnami.com/repository/1/5/693/2411/ita-2412.jpg;https://esternidavivere.it/losalegnami.com/repository/1/5/693/2411/2414/ita-2509.jpg;https://esternidavivere.it/losalegnami.com/repository/1/5/693/2411/2414/ita-3927.jpg;https://esternidavivere.it/losalegnami.com/repository/1/5/693/2369/2372/ita-3943.jpg;https://esternidavivere.it/losalegnami.com/repository/1/5/693/2369/2372/ita-3944.jpg;https://esternidavivere.it/losalegnami.com/repository/1/5/693/2369/2372/ita-3945.jpg;https://esternidavivere.it/losalegnami.com/repository/1/5/693/2369/2372/ita-3946.jpg;;;;;;
https://esternidavivere.it/losalegnami.com/repository/1/5/8/3674/3684/ita-3705.jpg;;;;;;;;;;;;
https://esternidavivere.it/losalegnami.com/repository/1/5/693/2369/ita-2370.jpg;https://esternidavivere.it/losalegnami.com/repository/1/5/693/2369/2372/ita-2501.jpg;https://esternidavivere.it/losalegnami.com/repository/1/5/693/2369/2372/ita-3942.jpg;https://esternidavivere.it/losalegnami.com/repository/1/5/693/2369/2372/ita-3943.jpg;https://esternidavivere.it/losalegnami.com/repository/1/5/693/2369/2372/ita-3944.jpg;https://esternidavivere.it/losalegnami.com/repository/1/5/693/2369/2372/ita-3945.jpg;https://esternidavivere.it/losalegnami.com/repository/1/5/693/2369/2372/ita-3946.jpg;;;;;;
https://esternidavivere.it/losalegnami.com/repository/1/5/8/3674/3684/ita-3705.jpg;;;;;;;;;;;;
https://esternidavivere.it/losalegnami.com/repository/1/5/693/2391/ita-2392.jpg;https://esternidavivere.it/losalegnami.com/repository/1/5/693/2391/2394/ita-2505.jpg;;;;;;;;;;;
https://esternidavivere.it/losalegnami.com/repository/1/5/8/3674/3684/ita-3705.jpg;;;;;;;;;;;;
https://esternidavivere.it/losalegnami.com/repository/1/5/693/2359/ita-2360.jpg;https://esternidavivere.it/losalegnami.com/repository/1/5/693/2359/2362/ita-2379.jpg;;;;;;;;;;;
https://esternidavivere.it/losalegnami.com/repository/1/5/8/3674/3684/ita-3705.jpg;;;;;;;;;;;;
https://esternidavivere.it/losalegnami.com/repository/1/5/693/2421/ita-2422.jpg;https://esternidavivere.it/losalegnami.com/repository/1/5/693/2421/2424/ita-2511.jpg;https://esternidavivere.it/losalegnami.com/repository/1/5/693/2369/2372/ita-3943.jpg;https://esternidavivere.it/losalegnami.com/repository/1/5/693/2369/2372/ita-3944.jpg;https://esternidavivere.it/losalegnami.com/repository/1/5/693/2369/2372/ita-3945.jpg;https://esternidavivere.it/losalegnami.com/repository/1/5/693/2369/2372/ita-3946.jpg;;;;;;;
https://esternidavivere.it/losalegnami.com/repository/1/5/8/3674/3684/ita-3705.jpg;;;;;;;;;;;;
https://esternidavivere.it/losalegnami.com/repository/1/5/693/2381/ita-2382.jpg;https://esternidavivere.it/losalegnami.com/repository/1/5/693/2381/2384/ita-2503.jpg;https://esternidavivere.it/losalegnami.com/repository/1/5/693/2369/2372/ita-3943.jpg;https://esternidavivere.it/losalegnami.com/repository/1/5/693/2369/2372/ita-3944.jpg;https://esternidavivere.it/losalegnami.com/repository/1/5/693/2369/2372/ita-3945.jpg;https://esternidavivere.it/losalegnami.com/repository/1/5/693/2369/2372/ita-3946.jpg;;;;;;;
https://esternidavivere.it/losalegnami.com/repository/1/5/8/3674/3684/ita-3705.jpg;;;;;;;;;;;;
https://esternidavivere.it/losalegnami.com/repository/1/5/693/2401/ita-2402.jpg;https://esternidavivere.it/losalegnami.com/repository/1/5/693/2401/2404/ita-2507.jpg;https://esternidavivere.it/losalegnami.com/repository/1/5/693/2369/2372/ita-3943.jpg;https://esternidavivere.it/losalegnami.com/repository/1/5/693/2369/2372/ita-3944.jpg;https://esternidavivere.it/losalegnami.com/repository/1/5/693/2369/2372/ita-3945.jpg;https://esternidavivere.it/losalegnami.com/repository/1/5/693/2369/2372/ita-3946.jpg;;;;;;;
https://esternidavivere.it/losalegnami.com/repository/1/5/8/3674/3684/ita-3705.jpg;;;;;;;;;;;;
https://esternidavivere.it/losalegnami.com/repository/1/5/693/2451/ita-2452.jpg;;;;;;;;;;;;
https://esternidavivere.it/losalegnami.com/repository/1/5/693/2451/ita-2452.jpg;;;;;;;;;;;;
https://esternidavivere.it/losalegnami.com/repository/1/5/693/2451/ita-2452.jpg;;;;;;;;;;;;
https://esternidavivere.it/losalegnami.com/repository/1/5/8/3764/ita-3765.jpg;;;;;;;;;;;;
https://esternidavivere.it/losalegnami.com/repository/1/5/8/2547/ita-2548.JPG;https://esternidavivere.it/losalegnami.com/repository/1/5/8/2547/2550/ita-3948.JPG;https://esternidavivere.it/losalegnami.com/repository/1/5/8/2547/2550/ita-3949.JPG;https://esternidavivere.it/losalegnami.com/repository/1/5/8/3674/3684/ita-3688.jpg;https://esternidavivere.it/losalegnami.com/repository/1/5/8/3674/3684/ita-3687.jpg;https://esternidavivere.it/losalegnami.com/repository/1/5/8/3674/3684/ita-3689.jpg;https://esternidavivere.it/losalegnami.com/repository/1/5/8/3674/3684/ita-3690.jpg;https://esternidavivere.it/losalegnami.com/repository/1/5/8/3674/3684/ita-3691.jpg;https://esternidavivere.it/losalegnami.com/repository/1/5/8/3674/3684/ita-3693.jpg;https://esternidavivere.it/losalegnami.com/repository/1/5/8/3674/3684/ita-3703.jpg;;;
https://esternidavivere.it/losalegnami.com/repository/1/5/8/3674/3684/ita-3705.jpg;;;;;;;;;;;;
https://esternidavivere.it/losalegnami.com/repository/1/5/8/256/ita-257.jpg;;;;;;;;;;;;
https://esternidavivere.it/losalegnami.com/repository/1/5/8/3752/ita-3753.jpg;https://esternidavivere.it/catalogo/casette/kelly;https://esternidavivere.it/losalegnami.com/repository/1/5/8/3752/3762/ita-3870.jpg;https://esternidavivere.it/losalegnami.com/repository/1/5/8/3674/3684/ita-3688.jpg;https://esternidavivere.it/losalegnami.com/repository/1/5/8/3674/3684/ita-3687.jpg;https://esternidavivere.it/losalegnami.com/repository/1/5/8/3674/3684/ita-3689.jpg;https://esternidavivere.it/losalegnami.com/repository/1/5/8/3674/3684/ita-3690.jpg;https://esternidavivere.it/losalegnami.com/repository/1/5/8/3674/3684/ita-3691.jpg;https://esternidavivere.it/losalegnami.com/repository/1/5/8/3674/3684/ita-3693.jpg;https://esternidavivere.it/losalegnami.com/repository/1/5/8/3674/3684/ita-3703.jpg;;;
https://esternidavivere.it/losalegnami.com/repository/1/5/8/3674/3684/ita-3705.jpg;;;;;;;;;;;;
https://esternidavivere.it/losalegnami.com/repository/1/5/8/3952/ita-3953.jpg;;;;;;;;;;;;
https://esternidavivere.it/losalegnami.com/repository/1/5/8/3674/3684/ita-3705.jpg;;;;;;;;;;;;
https://esternidavivere.it/losalegnami.com/repository/1/5/8/3707/ita-3708.jpg;https://esternidavivere.it/losalegnami.com/repository/1/5/8/3707/3717/ita-3718.jpg;https://esternidavivere.it/losalegnami.com/repository/1/5/8/3674/3684/ita-3688.jpg;https://esternidavivere.it/losalegnami.com/repository/1/5/8/3674/3684/ita-3687.jpg;https://esternidavivere.it/losalegnami.com/repository/1/5/8/3674/3684/ita-3689.jpg;https://esternidavivere.it/losalegnami.com/repository/1/5/8/3674/3684/ita-3690.jpg;https://esternidavivere.it/losalegnami.com/repository/1/5/8/3674/3684/ita-3691.jpg;https://esternidavivere.it/losalegnami.com/repository/1/5/8/3674/3684/ita-3693.jpg;https://esternidavivere.it/losalegnami.com/repository/1/5/8/3674/3684/ita-3703.jpg;;;;
https://esternidavivere.it/losalegnami.com/repository/1/5/8/3674/3684/ita-3705.jpg;;;;;;;;;;;;
https://esternidavivere.it/losalegnami.com/repository/1/5/8/2547/ita-2548.JPG;https://esternidavivere.it/losalegnami.com/repository/1/5/8/2547/2550/ita-3948.JPG;https://esternidavivere.it/losalegnami.com/repository/1/5/8/2547/2550/ita-3949.JPG;https://esternidavivere.it/losalegnami.com/repository/1/5/8/3674/3684/ita-3688.jpg;https://esternidavivere.it/losalegnami.com/repository/1/5/8/3674/3684/ita-3687.jpg;https://esternidavivere.it/losalegnami.com/repository/1/5/8/3674/3684/ita-3689.jpg;https://esternidavivere.it/losalegnami.com/repository/1/5/8/3674/3684/ita-3690.jpg;https://esternidavivere.it/losalegnami.com/repository/1/5/8/3674/3684/ita-3691.jpg;https://esternidavivere.it/losalegnami.com/repository/1/5/8/3674/3684/ita-3693.jpg;https://esternidavivere.it/losalegnami.com/repository/1/5/8/3674/3684/ita-3703.jpg;;;
https://esternidavivere.it/losalegnami.com/repository/1/5/8/3674/3684/ita-3705.jpg;;;;;;;;;;;;
https://esternidavivere.it/losalegnami.com/repository/1/5/8/3952/ita-3953.jpg;;;;;;;;;;;;
https://esternidavivere.it/losalegnami.com/repository/1/5/8/3674/3684/ita-3705.jpg;;;;;;;;;;;;
https://esternidavivere.it/losalegnami.com/repository/1/5/8/3674/3684/ita-3695.jpg;https://esternidavivere.it/losalegnami.com/repository/1/5/8/3674/ita-3675.jpg;https://esternidavivere.it/losalegnami.com/repository/1/5/8/3674/3684/ita-3685.jpg;https://esternidavivere.it/losalegnami.com/repository/1/5/8/3674/3684/ita-3688.jpg;https://esternidavivere.it/losalegnami.com/repository/1/5/8/3674/3684/ita-3687.jpg;https://esternidavivere.it/losalegnami.com/repository/1/5/8/3674/3684/ita-3689.jpg;https://esternidavivere.it/losalegnami.com/repository/1/5/8/3674/3684/ita-3690.jpg;https://esternidavivere.it/losalegnami.com/repository/1/5/8/3674/3684/ita-3691.jpg;https://esternidavivere.it/losalegnami.com/repository/1/5/8/3674/3684/ita-3693.jpg;https://esternidavivere.it/losalegnami.com/repository/1/5/8/3674/3684/ita-3703.jpg;https://esternidavivere.it/losalegnami.com/repository/1/5/8/3674/3684/ita-3702.jpg;https://esternidavivere.it/losalegnami.com/repository/1/5/8/3752/3762/ita-3871.jpg;https://esternidavivere.it/losalegnami.com/repository/1/5/8/3752/3762/ita-3874.jpg
https://esternidavivere.it/losalegnami.com/repository/1/5/8/3674/3684/ita-3705.jpg;;;;;;;;;;;;
https://esternidavivere.it/losalegnami.com/repository/1/5/8/465/ita-466.jpg;https://esternidavivere.it/losalegnami.com/repository/1/5/8/465/468/ita-482.jpg;https://esternidavivere.it/losalegnami.com/repository/1/5/8/465/468/ita-483.jpg;https://esternidavivere.it/losalegnami.com/repository/1/5/8/465/468/ita-484.jpg;;;;;;;;;
https://esternidavivere.it/losalegnami.com/repository/1/5/8/3990/ita-3991.jpg;https://esternidavivere.it/losalegnami.com/repository/1/5/8/3674/3684/ita-3688.jpg;https://esternidavivere.it/losalegnami.com/repository/1/5/8/3674/3684/ita-3687.jpg;https://esternidavivere.it/losalegnami.com/repository/1/5/8/3674/3684/ita-3689.jpg;https://esternidavivere.it/losalegnami.com/repository/1/5/8/3674/3684/ita-3690.jpg;https://esternidavivere.it/losalegnami.com/repository/1/5/8/3674/3684/ita-3691.jpg;https://esternidavivere.it/losalegnami.com/repository/1/5/8/3674/3684/ita-3693.jpg;https://esternidavivere.it/losalegnami.com/repository/1/5/8/3674/3684/ita-3703.jpg;;;;;
https://esternidavivere.it/losalegnami.com/repository/1/5/8/3674/3684/ita-3705.jpg;;;;;;;;;;;;
https://esternidavivere.it/losalegnami.com/repository/1/5/8/506/ita-507.jpg;;;;;;;;;;;;
https://esternidavivere.it/losalegnami.com/repository/1/5/8/2610/ita-2611.jpg;https://esternidavivere.it/losalegnami.com/repository/1/5/8/3674/3684/ita-3688.jpg;https://esternidavivere.it/losalegnami.com/repository/1/5/8/3674/3684/ita-3687.jpg;https://esternidavivere.it/losalegnami.com/repository/1/5/8/3674/3684/ita-3689.jpg;https://esternidavivere.it/losalegnami.com/repository/1/5/8/3674/3684/ita-3690.jpg;https://esternidavivere.it/losalegnami.com/repository/1/5/8/3674/3684/ita-3691.jpg;https://esternidavivere.it/losalegnami.com/repository/1/5/8/3674/3684/ita-3693.jpg;https://esternidavivere.it/losalegnami.com/repository/1/5/8/3674/3684/ita-3703.jpg;;;;;
https://esternidavivere.it/losalegnami.com/repository/1/5/8/3674/3684/ita-3705.jpg;;;;;;;;;;;;
https://esternidavivere.it/losalegnami.com/repository/1/5/8/4035/ita-4036.jpg;https://esternidavivere.it/losalegnami.com/repository/1/5/8/3674/3684/ita-3688.jpg;https://esternidavivere.it/losalegnami.com/repository/1/5/8/3674/3684/ita-3687.jpg;https://esternidavivere.it/losalegnami.com/repository/1/5/8/3674/3684/ita-3689.jpg;https://esternidavivere.it/losalegnami.com/repository/1/5/8/3674/3684/ita-3690.jpg;https://esternidavivere.it/losalegnami.com/repository/1/5/8/3674/3684/ita-3691.jpg;https://esternidavivere.it/losalegnami.com/repository/1/5/8/3674/3684/ita-3693.jpg;https://esternidavivere.it/losalegnami.com/repository/1/5/8/3674/3684/ita-3703.jpg;;;;;
https://esternidavivere.it/losalegnami.com/repository/1/5/8/3674/3684/ita-3705.jpg;;;;;;;;;;;;
https://esternidavivere.it/losalegnami.com/repository/1/5/8/111/ita-112.jpg;https://esternidavivere.it/losalegnami.com/repository/1/5/8/111/114/ita-127.jpg;https://esternidavivere.it/losalegnami.com/repository/1/5/8/111/114/ita-128.jpg;;;;;;;;;;
https://esternidavivere.it/losalegnami.com/repository/1/5/8/2574/ita-2575.jpg;https://esternidavivere.it/losalegnami.com/repository/1/5/8/2574/2577/ita-4046.jpg;https://esternidavivere.it/losalegnami.com/repository/1/5/8/2574/2577/ita-4047.jpg;https://esternidavivere.it/losalegnami.com/repository/1/5/8/3674/3684/ita-3688.jpg;https://esternidavivere.it/losalegnami.com/repository/1/5/8/3674/3684/ita-3687.jpg;https://esternidavivere.it/losalegnami.com/repository/1/5/8/3674/3684/ita-3689.jpg;https://esternidavivere.it/losalegnami.com/repository/1/5/8/3674/3684/ita-3690.jpg;https://esternidavivere.it/losalegnami.com/repository/1/5/8/3674/3684/ita-3691.jpg;https://esternidavivere.it/losalegnami.com/repository/1/5/8/3674/3684/ita-3693.jpg;https://esternidavivere.it/losalegnami.com/repository/1/5/8/3674/3684/ita-3703.jpg;;;
https://esternidavivere.it/losalegnami.com/repository/1/5/8/3674/3684/ita-3705.jpg;;;;;;;;;;;;
https://esternidavivere.it/losalegnami.com/repository/1/5/8/2619/ita-2620.jpg;https://esternidavivere.it/losalegnami.com/repository/1/5/8/3674/3684/ita-3688.jpg;https://esternidavivere.it/losalegnami.com/repository/1/5/8/3674/3684/ita-3687.jpg;https://esternidavivere.it/losalegnami.com/repository/1/5/8/3674/3684/ita-3689.jpg;https://esternidavivere.it/losalegnami.com/repository/1/5/8/3674/3684/ita-3690.jpg;https://esternidavivere.it/losalegnami.com/repository/1/5/8/3674/3684/ita-3691.jpg;https://esternidavivere.it/losalegnami.com/repository/1/5/8/3674/3684/ita-3693.jpg;https://esternidavivere.it/losalegnami.com/repository/1/5/8/3674/3684/ita-3703.jpg;;;;;
https://esternidavivere.it/losalegnami.com/repository/1/5/8/3674/3684/ita-3705.jpg;;;;;;;;;;;;
https://esternidavivere.it/losalegnami.com/repository/1/5/8/2637/ita-2638.jpg;;;;;;;;;;;;
https://esternidavivere.it/losalegnami.com/repository/1/5/8/2637/ita-2638.jpg;;;;;;;;;;;;
https://esternidavivere.it/losalegnami.com/repository/1/5/727/728/ita-729.jpg;;;;;;;;;;;;
https://esternidavivere.it/losalegnami.com/repository/1/5/8/521/ita-522.jpg;;;;;;;;;;;;
https://esternidavivere.it/losalegnami.com/repository/1/5/8/2601/ita-2602.jpg;;;;;;;;;;;;
https://esternidavivere.it/losalegnami.com/repository/1/5/8/2538/ita-2539.jpg;;;;;;;;;;;;
https://esternidavivere.it/losalegnami.com/repository/1/5/8/2565/ita-2566.jpg;https://esternidavivere.it/losalegnami.com/repository/1/5/8/2565/2568/ita-2672.jpg;;;;;;;;;;;
https://esternidavivere.it/losalegnami.com/repository/1/5/652/653/ita-654.jpg;https://esternidavivere.it/losalegnami.com/repository/1/5/652/653/656/ita-3635.JPG;https://esternidavivere.it/losalegnami.com/repository/1/5/652/653/656/ita-3636.JPG;;;;;;;;;;
https://esternidavivere.it/losalegnami.com/repository/1/5/652/669/ita-670.jpg;https://esternidavivere.it/losalegnami.com/repository/1/5/652/669/672/ita-686.jpg;https://esternidavivere.it/losalegnami.com/repository/1/5/652/669/672/ita-687.jpg;https://esternidavivere.it/losalegnami.com/repository/1/5/652/669/672/ita-688.jpg;https://esternidavivere.it/losalegnami.com/repository/1/5/652/669/672/ita-690.jpg;;;;;;;;
https://esternidavivere.it/losalegnami.com/repository/1/5/8/158/ita-159.jpg;https://esternidavivere.it/losalegnami.com/repository/1/5/8/158/161/ita-174.jpg;https://esternidavivere.it/losalegnami.com/repository/1/5/8/158/161/ita-175.jpg;https://esternidavivere.it/losalegnami.com/repository/1/5/8/158/161/ita-176.jpg;;;;;;;;;
https://esternidavivere.it/losalegnami.com/repository/1/5/8/9/ita-12.jpg;https://esternidavivere.it/losalegnami.com/repository/1/5/8/9/14/ita-198.jpg;https://esternidavivere.it/losalegnami.com/repository/1/5/8/9/14/ita-199.jpg;https://esternidavivere.it/losalegnami.com/repository/1/5/8/9/14/ita-200.jpg;;;;;;;;;
https://esternidavivere.it/losalegnami.com/repository/1/5/8/4049/ita-4050.jpg;;;;;;;;;;;;
https://esternidavivere.it/losalegnami.com/repository/1/5/8/3674/3684/ita-3705.jpg;;;;;;;;;;;;
https://esternidavivere.it/losalegnami.com/repository/1/5/8/3830/ita-3831.jpg;;;;;;;;;;;;
https://esternidavivere.it/losalegnami.com/repository/1/5/8/3674/3684/ita-3705.jpg;;;;;;;;;;;;
https://esternidavivere.it/losalegnami.com/repository/1/5/8/4049/ita-4050.jpg;;;;;;;;;;;;
https://esternidavivere.it/losalegnami.com/repository/1/5/8/3674/3684/ita-3705.jpg;;;;;;;;;;;;
https://esternidavivere.it/losalegnami.com/repository/1/5/8/4138/ita-4139.jpg;https://esternidavivere.it/losalegnami.com/repository/1/5/8/4138/4141/ita-4160.jpg;https://esternidavivere.it/losalegnami.com/repository/1/5/8/4138/4141/ita-4161.jpg;https://esternidavivere.it/losalegnami.com/repository/1/5/8/4138/4141/ita-4162.jpg;;;;;;;;;
https://esternidavivere.it/losalegnami.com/repository/1/5/8/4163/ita-4164.jpg;https://esternidavivere.it/losalegnami.com/repository/1/5/8/4163/4166/ita-4174.jpg;https://esternidavivere.it/losalegnami.com/repository/1/5/8/4163/4166/ita-4175.jpg;;;;;;;;;;
https://esternidavivere.it/losalegnami.com/repository/1/5/8/4163/ita-4164.jpg;https://esternidavivere.it/losalegnami.com/repository/1/5/8/4163/4166/ita-4174.jpg;https://esternidavivere.it/losalegnami.com/repository/1/5/8/4176/4179/ita-4187.jpg;;;;;;;;;;
https://esternidavivere.it/losalegnami.com/repository/1/5/1454/4093/ita-4094.jpg;https://esternidavivere.it/losalegnami.com/repository/1/5/1454/4093/4096/ita-4109.jpg;https://esternidavivere.it/losalegnami.com/repository/1/5/1454/4093/4096/ita-4110.jpg;https://esternidavivere.it/losalegnami.com/repository/1/5/1454/4093/4096/ita-4111.jpg;https://esternidavivere.it/losalegnami.com/repository/1/5/1454/4093/4096/ita-4112.jpg;;;;;;;;
https://esternidavivere.it/losalegnami.com/repository/1/5/1454/1671/ita-1672.jpg;https://esternidavivere.it/losalegnami.com/repository/1/5/1454/1671/1674/ita-3657.JPG;https://esternidavivere.it/losalegnami.com/repository/1/5/1454/1671/1674/ita-3658.JPG;;;;;;;;;;
https://esternidavivere.it/losalegnami.com/repository/1/5/1454/2910/ita-2911.jpg;https://esternidavivere.it/losalegnami.com/repository/1/5/1454/2910/2913/ita-3654.jpg;https://esternidavivere.it/losalegnami.com/repository/1/5/1454/2910/2913/ita-3656.JPG;;;;;;;;;;
https://esternidavivere.it/losalegnami.com/repository/1/5/1454/2919/ita-2920.jpg;https://esternidavivere.it/losalegnami.com/repository/1/5/1454/2919/2922/ita-3655.jpg;;;;;;;;;;;
https://esternidavivere.it/losalegnami.com/repository/1/5/1454/2946/ita-2947.jpg;https://esternidavivere.it/losalegnami.com/repository/1/5/1454/2946/2949/ita-4082.jpg;https://esternidavivere.it/losalegnami.com/repository/1/5/1454/2946/2949/ita-4083.jpg;https://esternidavivere.it/losalegnami.com/repository/1/5/1454/2946/2949/ita-4084.jpg;https://esternidavivere.it/losalegnami.com/repository/1/5/1454/2946/2949/ita-4085.jpg;https://esternidavivere.it/losalegnami.com/repository/1/5/1454/2946/2949/ita-4086.jpg;;;;;;;
https://esternidavivere.it/catalogo/giochi-e-casette-bimbi/torre-singola;https://esternidavivere.it/losalegnami.com/repository/1/5/1454/1700/1703/ita-1714.jpg;https://esternidavivere.it/losalegnami.com/repository/1/5/1454/1700/1703/ita-1715.jpg;https://esternidavivere.it/losalegnami.com/repository/1/5/1454/1700/1703/ita-1716.jpg;;;;;;;;;
https://esternidavivere.it/losalegnami.com/repository/1/5/1454/1735/ita-1736.jpg;https://esternidavivere.it/losalegnami.com/repository/1/5/1454/1735/1738/ita-1750.jpg;https://esternidavivere.it/losalegnami.com/repository/1/5/1454/1735/1738/ita-1750.jpg;https://esternidavivere.it/losalegnami.com/repository/1/5/1454/1735/1738/ita-1752.jpg;;;;;;;;;
https://esternidavivere.it/losalegnami.com/repository/1/5/1454/1685/ita-1686.jpg;https://esternidavivere.it/losalegnami.com/repository/1/5/1454/1685/1688/ita-1699.jpg;https://esternidavivere.it/losalegnami.com/repository/1/5/1454/1685/1688/ita-4088.jpg;https://esternidavivere.it/losalegnami.com/repository/1/5/1454/1685/1688/ita-4089.jpg;https://esternidavivere.it/losalegnami.com/repository/1/5/1454/1685/1688/ita-4090.jpg;https://esternidavivere.it/losalegnami.com/repository/1/5/1454/1685/1688/ita-4091.jpg;;;;;;;
https://esternidavivere.it/losalegnami.com/repository/1/5/1454/2937/ita-2938.jpg;;;;;;;;;;;;
https://esternidavivere.it/losalegnami.com/repository/1/5/1454/2937/ita-2938.jpg;;;;;;;;;;;;
https://esternidavivere.it/losalegnami.com/repository/1/5/1454/2937/2940/ita-3639.jpg;;;;;;;;;;;;
https://esternidavivere.it/losalegnami.com/repository/1/5/1454/2937/2940/ita-3639.jpg;;;;;;;;;;;;
https://esternidavivere.it/losalegnami.com/repository/1/5/1454/2937/2940/ita-3634.jpg;;;;;;;;;;;;
https://esternidavivere.it/losalegnami.com/repository/1/5/1454/2937/2940/ita-3634.jpg;;;;;;;;;;;;
https://esternidavivere.it/losalegnami.com/repository/1/5/1454/2928/ita-2929.jpg;https://esternidavivere.it/losalegnami.com/repository/1/5/1454/2928/2931/ita-2977.jpg;;;;;;;;;;;
https://esternidavivere.it/losalegnami.com/repository/1/5/1454/2928/2931/ita-3637.jpg;;;;;;;;;;;;
https://esternidavivere.it/losalegnami.com/repository/1/5/1454/2978/ita-2982.jpg;https://esternidavivere.it/losalegnami.com/repository/1/5/1454/2978/2984/ita-2985.jpg;;;;;;;;;;;
https://esternidavivere.it/losalegnami.com/repository/1/5/1454/2978/2984/ita-3638.jpg;;;;;;;;;;;;
https://esternidavivere.it/losalegnami.com/repository/1/5/1454/2888/2891/ita-2899.jpg;;;;;;;;;;;;
https://esternidavivere.it/losalegnami.com/repository/1/5/1454/2888/2891/ita-2900.jpg;;;;;;;;;;;;
https://esternidavivere.it/losalegnami.com/repository/1/5/1393/3009/ita-3010.jpg;;;;;;;;;;;;
https://esternidavivere.it/losalegnami.com/repository/1/5/1393/1394/ita-1395.jpg;https://esternidavivere.it/losalegnami.com/repository/1/5/1393/1394/1397/ita-4196.jpg;https://esternidavivere.it/losalegnami.com/repository/1/5/1393/1394/1397/ita-4197.jpg;https://esternidavivere.it/losalegnami.com/repository/1/5/1393/1394/1397/ita-4198.jpg;https://esternidavivere.it/losalegnami.com/repository/1/5/1393/1394/1397/ita-4200.jpg;https://esternidavivere.it/losalegnami.com/repository/1/5/1393/1394/1397/ita-4201.jpg;;;;;;;
https://esternidavivere.it/losalegnami.com/repository/1/5/1393/1394/ita-1395.jpg;https://esternidavivere.it/losalegnami.com/repository/1/5/1393/1394/1397/ita-4196.jpg;https://esternidavivere.it/losalegnami.com/repository/1/5/1393/1394/1397/ita-4197.jpg;https://esternidavivere.it/losalegnami.com/repository/1/5/1393/1394/1397/ita-4198.jpg;https://esternidavivere.it/losalegnami.com/repository/1/5/1393/1394/1397/ita-4200.jpg;https://esternidavivere.it/losalegnami.com/repository/1/5/1393/1394/1397/ita-4201.jpg;;;;;;;
https://esternidavivere.it/losalegnami.com/repository/1/5/1393/1394/ita-1395.jpg;https://esternidavivere.it/losalegnami.com/repository/1/5/1393/1394/1397/ita-4196.jpg;https://esternidavivere.it/losalegnami.com/repository/1/5/1393/1394/1397/ita-4197.jpg;https://esternidavivere.it/losalegnami.com/repository/1/5/1393/1394/1397/ita-4198.jpg;https://esternidavivere.it/losalegnami.com/repository/1/5/1393/1394/1397/ita-4200.jpg;https://esternidavivere.it/losalegnami.com/repository/1/5/1393/1394/1397/ita-4201.jpg;;;;;;;
https://esternidavivere.it/losalegnami.com/repository/1/5/1393/1519/ita-1520.jpg;;;;;;;;;;;;
https://esternidavivere.it/losalegnami.com/repository/1/5/1393/1519/ita-1520.jpg;;;;;;;;;;;;
https://esternidavivere.it/losalegnami.com/repository/1/5/1393/1519/ita-1520.jpg;;;;;;;;;;;;
https://esternidavivere.it/losalegnami.com/repository/1/5/1393/1519/ita-1520.jpg;;;;;;;;;;;;
https://esternidavivere.it/losalegnami.com/repository/1/5/1393/1565/ita-1577.jpg;https://esternidavivere.it/losalegnami.com/repository/1/5/1393/1565/1568/ita-1566.jpg;;;;;;;;;;;
https://esternidavivere.it/losalegnami.com/repository/1/5/1393/1565/ita-1577.jpg;https://esternidavivere.it/losalegnami.com/repository/1/5/1393/1565/1568/ita-1566.jpg;;;;;;;;;;;
https://esternidavivere.it/losalegnami.com/repository/1/5/1393/1565/ita-1577.jpg;https://esternidavivere.it/losalegnami.com/repository/1/5/1393/1565/1568/ita-1566.jpg;;;;;;;;;;;
https://esternidavivere.it/losalegnami.com/repository/1/5/1393/1554/ita-1555.jpg;;;;;;;;;;;;
https://esternidavivere.it/losalegnami.com/repository/1/5/1393/1554/ita-1555.jpg;;;;;;;;;;;;
https://esternidavivere.it/losalegnami.com/repository/1/5/1393/1554/ita-1555.jpg;;;;;;;;;;;;
https://esternidavivere.it/losalegnami.com/repository/1/5/1393/3000/ita-3001.jpg;https://esternidavivere.it/losalegnami.com/repository/1/5/1393/3000/3003/ita-4290.jpg;https://esternidavivere.it/losalegnami.com/repository/1/5/1393/3000/3003/ita-4291.jpg;;;;;;;;;;
https://esternidavivere.it/losalegnami.com/repository/1/5/1393/2955/ita-2956.jpg;https://esternidavivere.it/losalegnami.com/repository/1/5/1393/2955/2958/ita-4292.jpg;https://esternidavivere.it/losalegnami.com/repository/1/5/1393/2955/2958/ita-4293.jpg;;;;;;;;;;
https://esternidavivere.it/losalegnami.com/repository/1/5/862/3307/3310/ita-4859.jpg;;;;;;;;;;;;
https://esternidavivere.it/losalegnami.com/repository/1/5/862/4307/ita-4308.jpg;https://esternidavivere.it/losalegnami.com/repository/1/5/862/4307/4310/ita-4323.jpg;https://esternidavivere.it/losalegnami.com/repository/1/5/862/4307/4310/ita-4324.jpg;https://esternidavivere.it/losalegnami.com/repository/1/5/862/4307/4310/ita-4325.jpg;https://esternidavivere.it/losalegnami.com/repository/1/5/862/4307/4310/ita-4326.jpg;https://esternidavivere.it/losalegnami.com/repository/1/5/862/4307/4310/ita-4328.jpg;https://esternidavivere.it/losalegnami.com/repository/1/5/862/4307/4310/ita-4327.jpg;;;;;;
https://esternidavivere.it/losalegnami.com/repository/1/5/862/4307/ita-4308.jpg;https://esternidavivere.it/losalegnami.com/repository/1/5/862/4307/4310/ita-4323.jpg;https://esternidavivere.it/losalegnami.com/repository/1/5/862/4307/4310/ita-4324.jpg;https://esternidavivere.it/losalegnami.com/repository/1/5/862/4307/4310/ita-4325.jpg;https://esternidavivere.it/losalegnami.com/repository/1/5/862/4307/4310/ita-4326.jpg;https://esternidavivere.it/losalegnami.com/repository/1/5/862/4307/4310/ita-4328.jpg;https://esternidavivere.it/losalegnami.com/repository/1/5/862/4307/4310/ita-4327.jpg;;;;;;
https://esternidavivere.it/losalegnami.com/repository/1/5/862/3893/ita-3894.jpg;https://esternidavivere.it/losalegnami.com/repository/1/5/862/3893/3896/ita-3904.jpg;https://esternidavivere.it/losalegnami.com/repository/1/5/862/3893/3896/ita-3907.jpg;https://esternidavivere.it/losalegnami.com/repository/1/5/862/3893/3896/ita-3908.jpg;;;;;;;;;
https://esternidavivere.it/losalegnami.com/repository/1/5/862/3337/ita-3338.jpg;https://esternidavivere.it/losalegnami.com/repository/1/5/862/3337/3340/ita-3405.jpg;;;;;;;;;;;
https://esternidavivere.it/losalegnami.com/repository/1/5/862/3337/ita-3338.jpg;https://esternidavivere.it/losalegnami.com/repository/1/5/862/3337/3340/ita-3406.jpg;;;;;;;;;;;
https://esternidavivere.it/losalegnami.com/repository/1/5/862/3409/3412/ita-3432.jpg;https://esternidavivere.it/losalegnami.com/repository/1/5/862/3409/ita-3410.jpg;https://esternidavivere.it/losalegnami.com/repository/1/5/862/3409/3412/ita-4367.jpg;https://esternidavivere.it/losalegnami.com/repository/1/5/862/3409/3412/ita-4370.jpg;https://esternidavivere.it/losalegnami.com/repository/1/5/862/3409/3412/ita-4371.jpg;https://esternidavivere.it/losalegnami.com/repository/1/5/862/3409/3412/ita-4374.jpg;;;;;;;
https://esternidavivere.it/losalegnami.com/repository/1/5/862/3409/3412/ita-3433.jpg;https://esternidavivere.it/losalegnami.com/repository/1/5/862/3409/ita-3410.jpg;https://esternidavivere.it/losalegnami.com/repository/1/5/862/3409/3412/ita-4367.jpg;https://esternidavivere.it/losalegnami.com/repository/1/5/862/3409/3412/ita-4370.jpg;https://esternidavivere.it/losalegnami.com/repository/1/5/862/3409/3412/ita-4371.jpg;https://esternidavivere.it/losalegnami.com/repository/1/5/862/3409/3412/ita-4374.jpg;;;;;;;
https://esternidavivere.it/losalegnami.com/repository/1/5/862/3409/3412/ita-3434.jpg;https://esternidavivere.it/losalegnami.com/repository/1/5/862/3409/ita-3410.jpg;https://esternidavivere.it/losalegnami.com/repository/1/5/862/3409/3412/ita-4367.jpg;https://esternidavivere.it/losalegnami.com/repository/1/5/862/3409/3412/ita-4370.jpg;https://esternidavivere.it/losalegnami.com/repository/1/5/862/3409/3412/ita-4371.jpg;https://esternidavivere.it/losalegnami.com/repository/1/5/862/3409/3412/ita-4374.jpg;;;;;;;
https://esternidavivere.it/losalegnami.com/repository/1/5/862/3409/3412/ita-3435.jpg;https://esternidavivere.it/losalegnami.com/repository/1/5/862/3409/ita-3410.jpg;https://esternidavivere.it/losalegnami.com/repository/1/5/862/3409/3412/ita-4367.jpg;https://esternidavivere.it/losalegnami.com/repository/1/5/862/3409/3412/ita-4370.jpg;https://esternidavivere.it/losalegnami.com/repository/1/5/862/3409/3412/ita-4371.jpg;https://esternidavivere.it/losalegnami.com/repository/1/5/862/3409/3412/ita-4374.jpg;;;;;;;
https://esternidavivere.it/losalegnami.com/repository/1/5/862/3436/ita-3437.jpg;https://esternidavivere.it/losalegnami.com/repository/1/5/862/3436/3439/ita-3460.jpg;https://esternidavivere.it/losalegnami.com/repository/1/5/862/3436/3439/ita-4345.jpg;https://esternidavivere.it/losalegnami.com/repository/1/5/862/3436/3439/ita-3463.jpg;https://esternidavivere.it/losalegnami.com/repository/1/5/862/3436/3439/ita-3464.jpg;https://esternidavivere.it/losalegnami.com/repository/1/5/862/3436/3439/ita-4352.jpg;https://esternidavivere.it/losalegnami.com/repository/1/5/862/3436/3439/ita-4354.jpg;https://esternidavivere.it/losalegnami.com/repository/1/5/862/3436/3439/ita-4357.jpg;;;;;
https://esternidavivere.it/losalegnami.com/repository/1/5/862/3436/ita-3437.jpg;https://esternidavivere.it/losalegnami.com/repository/1/5/862/3436/3439/ita-3460.jpg;https://esternidavivere.it/losalegnami.com/repository/1/5/862/3436/3439/ita-4345.jpg;https://esternidavivere.it/losalegnami.com/repository/1/5/862/3436/3439/ita-3463.jpg;https://esternidavivere.it/losalegnami.com/repository/1/5/862/3436/3439/ita-3464.jpg;https://esternidavivere.it/losalegnami.com/repository/1/5/862/3436/3439/ita-4352.jpg;https://esternidavivere.it/losalegnami.com/repository/1/5/862/3436/3439/ita-4354.jpg;https://esternidavivere.it/losalegnami.com/repository/1/5/862/3436/3439/ita-4357.jpg;;;;;
https://esternidavivere.it/losalegnami.com/repository/1/5/862/3436/ita-3437.jpg;https://esternidavivere.it/losalegnami.com/repository/1/5/862/3436/3439/ita-3460.jpg;https://esternidavivere.it/losalegnami.com/repository/1/5/862/3436/3439/ita-4345.jpg;https://esternidavivere.it/losalegnami.com/repository/1/5/862/3436/3439/ita-3463.jpg;https://esternidavivere.it/losalegnami.com/repository/1/5/862/3436/3439/ita-3464.jpg;https://esternidavivere.it/losalegnami.com/repository/1/5/862/3436/3439/ita-4352.jpg;https://esternidavivere.it/losalegnami.com/repository/1/5/862/3436/3439/ita-4354.jpg;https://esternidavivere.it/losalegnami.com/repository/1/5/862/3436/3439/ita-4357.jpg;;;;;
https://esternidavivere.it/losalegnami.com/repository/1/5/862/1260/ita-1261.jpg;https://esternidavivere.it/losalegnami.com/repository/1/5/862/1260/1263/ita-3659.jpg;https://esternidavivere.it/losalegnami.com/repository/1/5/862/1260/1263/ita-4304.jpg;https://esternidavivere.it/losalegnami.com/repository/1/5/862/1260/1263/ita-4305.jpg;;;;;;;;;
https://esternidavivere.it/losalegnami.com/repository/1/5/862/1260/ita-1261.jpg;https://esternidavivere.it/losalegnami.com/repository/1/5/862/1260/1263/ita-4306.jpg;https://esternidavivere.it/losalegnami.com/repository/1/5/862/1260/1263/ita-3660.jpg;https://esternidavivere.it/losalegnami.com/repository/1/5/862/1260/1263/ita-4300.jpg;https://esternidavivere.it/losalegnami.com/repository/1/5/862/1260/1263/ita-4301.jpg;;;;;;;;
https://esternidavivere.it/losalegnami.com/repository/1/5/862/1260/ita-1261.jpg;https://esternidavivere.it/losalegnami.com/repository/1/5/862/1260/1263/ita-4306.jpg;https://esternidavivere.it/losalegnami.com/repository/1/5/862/1260/1263/ita-3660.jpg;https://esternidavivere.it/losalegnami.com/repository/1/5/862/1260/1263/ita-4300.jpg;https://esternidavivere.it/losalegnami.com/repository/1/5/862/1260/1263/ita-4301.jpg;;;;;;;;
https://esternidavivere.it/losalegnami.com/repository/1/5/862/3328/ita-3329.jpg;https://esternidavivere.it/losalegnami.com/repository/1/5/862/3328/3331/ita-3384.jpg;https://esternidavivere.it/losalegnami.com/repository/1/5/862/3328/3331/ita-4294.JPG;https://esternidavivere.it/losalegnami.com/repository/1/5/862/3328/3331/ita-4296.jpg;https://esternidavivere.it/losalegnami.com/repository/1/5/862/3328/3331/ita-4297.jpg;;;;;;;;
https://esternidavivere.it/losalegnami.com/repository/1/5/862/3359/ita-3360.jpg;https://esternidavivere.it/losalegnami.com/repository/1/5/862/3359/3362/ita-3376.jpg;https://esternidavivere.it/losalegnami.com/repository/1/5/862/3359/3362/ita-3379.jpg;https://esternidavivere.it/losalegnami.com/repository/1/5/862/3359/3362/ita-3380.jpg;https://esternidavivere.it/losalegnami.com/repository/1/5/862/3359/3362/ita-3381.jpg;;;;;;;;
https://esternidavivere.it/losalegnami.com/repository/1/5/862/3359/ita-3360.jpg;https://esternidavivere.it/losalegnami.com/repository/1/5/862/3359/3362/ita-3376.jpg;https://esternidavivere.it/losalegnami.com/repository/1/5/862/3359/3362/ita-3377.jpg;https://esternidavivere.it/losalegnami.com/repository/1/5/862/3359/3362/ita-3378.jpg;https://esternidavivere.it/losalegnami.com/repository/1/5/862/3359/3362/ita-3379.jpg;;;;;;;;
https://esternidavivere.it/losalegnami.com/repository/1/5/780/1046/ita-1047.jpg;https://esternidavivere.it/losalegnami.com/repository/1/5/862/3490/ita-3491.jpg;;;;;;;;;;;
https://esternidavivere.it/losalegnami.com/repository/1/5/780/1046/ita-1047.jpg;https://esternidavivere.it/losalegnami.com/repository/1/5/862/3490/ita-3491.jpg;;;;;;;;;;;
https://esternidavivere.it/losalegnami.com/repository/1/5/780/1046/ita-1047.jpg;https://esternidavivere.it/losalegnami.com/repository/1/5/862/3490/ita-3491.jpg;;;;;;;;;;;
https://esternidavivere.it/losalegnami.com/repository/1/5/862/3508/ita-3509.jpg;https://esternidavivere.it/losalegnami.com/repository/1/5/862/3508/3511/ita-3512.jpg;;;;;;;;;;;
https://esternidavivere.it/losalegnami.com/repository/1/5/862/3523/ita-3524.JPG;https://esternidavivere.it/losalegnami.com/repository/1/5/862/3523/3526/ita-3527.JPG;;;;;;;;;;;
https://esternidavivere.it/losalegnami.com/repository/1/5/862/1161/ita-1162.jpg;;;;;;;;;;;;
https://esternidavivere.it/losalegnami.com/repository/1/5/862/1161/ita-1162.jpg;;;;;;;;;;;;
https://esternidavivere.it/losalegnami.com/repository/1/5/862/1161/ita-1162.jpg;;;;;;;;;;;;
https://esternidavivere.it/losalegnami.com/repository/1/5/862/3559/ita-3560.jpg;;;;;;;;;;;;
https://esternidavivere.it/losalegnami.com/repository/1/5/862/1227/ita-1228.jpg;;;;;;;;;;;;
https://esternidavivere.it/losalegnami.com/repository/1/5/862/3586/ita-3587.jpg;;;;;;;;;;;;
https://esternidavivere.it/losalegnami.com/repository/1/5/3039/3135/ita-3136.jpg;https://esternidavivere.it/losalegnami.com/repository/1/5/3039/3135/3138/ita-3184.jpg;https://esternidavivere.it/losalegnami.com/repository/1/5/3039/3135/3138/ita-3185.jpg;;;;;;;;;;
https://esternidavivere.it/losalegnami.com/repository/1/5/3039/3157/ita-3158.jpg;https://esternidavivere.it/losalegnami.com/repository/1/5/3039/3157/3160/ita-3187.jpg;https://esternidavivere.it/losalegnami.com/repository/1/5/3039/3157/3160/ita-3188.jpg;https://esternidavivere.it/losalegnami.com/repository/1/5/3039/3157/3160/ita-3189.jpg;https://esternidavivere.it/losalegnami.com/repository/1/5/3039/3157/3160/ita-3190.jpg;https://esternidavivere.it/losalegnami.com/repository/1/5/3039/3157/3160/ita-3191.jpg;;;;;;;
https://esternidavivere.it/losalegnami.com/repository/1/5/3039/3166/ita-3167.jpg;https://esternidavivere.it/losalegnami.com/repository/1/5/3039/3166/3169/ita-3210.jpg;https://esternidavivere.it/losalegnami.com/repository/1/5/3039/3166/3169/ita-3211.jpg;https://esternidavivere.it/losalegnami.com/repository/1/5/3039/3166/3169/ita-3212.jpg;https://esternidavivere.it/losalegnami.com/repository/1/5/3039/3166/3169/ita-3213.jpg;https://esternidavivere.it/losalegnami.com/repository/1/5/3039/3166/3169/ita-3214.jpg;;;;;;;
https://esternidavivere.it/losalegnami.com/repository/1/5/3039/3201/ita-3202.jpg;https://esternidavivere.it/losalegnami.com/repository/1/5/3039/3201/3204/ita-3221.jpg;https://esternidavivere.it/losalegnami.com/repository/1/5/3039/3201/3204/ita-3222.jpg;https://esternidavivere.it/losalegnami.com/repository/1/5/3039/3201/3204/ita-3223.jpg;;;;;;;;;
https://esternidavivere.it/losalegnami.com/repository/1/5/3039/3175/ita-3176.jpg;https://esternidavivere.it/losalegnami.com/repository/1/5/3039/3175/3178/ita-3215.jpg;https://esternidavivere.it/losalegnami.com/repository/1/5/3039/3175/3178/ita-3216.jpg;https://esternidavivere.it/losalegnami.com/repository/1/5/3039/3175/3178/ita-3217.jpg;https://esternidavivere.it/losalegnami.com/repository/1/5/3039/3175/3178/ita-3218.jpg;;;;;;;;
https://esternidavivere.it/losalegnami.com/repository/1/5/3039/3192/ita-3193.jpg;;;;;;;;;;;;
https://esternidavivere.it/losalegnami.com/repository/1/5/3039/3122/ita-3123.jpg;https://esternidavivere.it/losalegnami.com/repository/1/5/3039/3122/3125/ita-3131.jpg;https://esternidavivere.it/losalegnami.com/repository/1/5/3039/3122/3125/ita-3132.jpg;https://esternidavivere.it/losalegnami.com/repository/1/5/3039/3122/3125/ita-3133.jpg;https://esternidavivere.it/losalegnami.com/repository/1/5/3039/3122/3125/ita-3133.jpg;https://esternidavivere.it/losalegnami.com/repository/1/5/3039/3122/3125/ita-3133.jpg;https://esternidavivere.it/losalegnami.com/repository/1/5/3039/3122/3125/ita-3134.jpg;;;;;;
https://esternidavivere.it/losalegnami.com/repository/1/5/1289/3073/ita-3074.jpg;;;;;;;;;;;;
https://esternidavivere.it/losalegnami.com/repository/1/5/1289/3087/ita-3088.jpg;;;;;;;;;;;;
https://esternidavivere.it/losalegnami.com/repository/1/5/862/3298/ita-3299.jpg;https://esternidavivere.it/losalegnami.com/repository/1/5/862/3298/3301/ita-3316.jpg;https://esternidavivere.it/losalegnami.com/repository/1/5/862/3298/3301/ita-3317.jpg;https://esternidavivere.it/losalegnami.com/repository/1/5/862/3298/3301/ita-3318.jpg;;;;;;;;;
https://esternidavivere.it/losalegnami.com/repository/1/5/862/3273/ita-3274.jpg;https://esternidavivere.it/losalegnami.com/repository/1/5/862/3273/3276/ita-3293.jpg;https://esternidavivere.it/losalegnami.com/repository/1/5/862/3273/3276/ita-3294.jpg;https://esternidavivere.it/losalegnami.com/repository/1/5/862/3273/3276/ita-3295.jpg;https://esternidavivere.it/losalegnami.com/repository/1/5/862/3273/3276/ita-3296.jpg;https://esternidavivere.it/losalegnami.com/repository/1/5/862/3273/3276/ita-3297.jpg;https://esternidavivere.it/losalegnami.com/repository/1/5/862/3273/3276/ita-4860.jpg;https://esternidavivere.it/losalegnami.com/repository/1/5/862/3273/3276/ita-4861.jpg;;;;;
https://esternidavivere.it/losalegnami.com/repository/1/5/862/3264/ita-3265.jpg;https://esternidavivere.it/losalegnami.com/repository/1/5/862/3264/3267/ita-3282.jpg;https://esternidavivere.it/losalegnami.com/repository/1/5/862/3264/3267/ita-3283.jpg;https://esternidavivere.it/losalegnami.com/repository/1/5/862/3264/3267/ita-4262.jpg;https://esternidavivere.it/losalegnami.com/repository/1/5/862/3264/3267/ita-4263.jpg;https://esternidavivere.it/losalegnami.com/repository/1/5/862/3264/3267/ita-4264.jpg;https://esternidavivere.it/losalegnami.com/repository/1/5/862/3264/3267/ita-4265.jpg;;;;;;
https://esternidavivere.it/losalegnami.com/repository/1/5/862/4268/ita-4269.jpg;https://esternidavivere.it/losalegnami.com/repository/1/5/862/4268/4271/ita-4277.jpg;https://esternidavivere.it/losalegnami.com/repository/1/5/862/4268/4271/ita-4278.jpg;;;;;;;;;;
https://esternidavivere.it/losalegnami.com/repository/1/5/862/4268/ita-4269.jpg;https://esternidavivere.it/losalegnami.com/repository/1/5/862/4268/4271/ita-4277.jpg;https://esternidavivere.it/losalegnami.com/repository/1/5/862/4279/4282/ita-4284.jpg;;;;;;;;;;
https://esternidavivere.it/losalegnami.com/repository/1/5/1289/1290/1293/ita-1432.jpg;https://esternidavivere.it/losalegnami.com/repository/1/5/1289/1290/ita-1291.jpg;https://esternidavivere.it/losalegnami.com/repository/1/5/1289/1290/1293/ita-1433.jpg;https://esternidavivere.it/losalegnami.com/repository/1/5/1289/1290/1293/ita-1434.jpg;https://esternidavivere.it/losalegnami.com/repository/1/5/1289/1290/1293/ita-1435.jpg;https://esternidavivere.it/losalegnami.com/repository/1/5/1289/1436/1439/ita-1450.jpg;;;;;;;
https://esternidavivere.it/losalegnami.com/repository/1/5/1289/1290/1293/ita-1432.jpg;https://esternidavivere.it/losalegnami.com/repository/1/5/1289/1436/1439/ita-1450.jpg;https://esternidavivere.it/losalegnami.com/repository/1/5/1289/1436/1439/ita-1451.jpg;https://esternidavivere.it/losalegnami.com/repository/1/5/1289/1436/1439/ita-1452.jpg;https://esternidavivere.it/losalegnami.com/repository/1/5/1289/1436/1439/ita-1453.jpg;;;;;;;;
https://esternidavivere.it/losalegnami.com/repository/1/5/1289/3030/ita-3031.jpg;https://esternidavivere.it/losalegnami.com/repository/1/5/1289/3030/3033/ita-4390.jpg;https://esternidavivere.it/losalegnami.com/repository/1/5/1289/3030/3033/ita-4391.jpg;https://esternidavivere.it/losalegnami.com/repository/1/5/1289/3030/3033/ita-4392.JPG;https://esternidavivere.it/losalegnami.com/repository/1/5/1289/3030/3033/ita-4395.jpg;https://esternidavivere.it/losalegnami.com/repository/1/5/1289/3030/3033/ita-4396.jpg;;;;;;;
https://esternidavivere.it/losalegnami.com/repository/1/5/1289/4403/ita-4404.jpg;https://esternidavivere.it/losalegnami.com/repository/1/5/1289/4403/4406/ita-4424.jpg;;;;;;;;;;;
https://esternidavivere.it/losalegnami.com/repository/1/5/1289/3101/ita-3102.jpg;https://esternidavivere.it/losalegnami.com/repository/1/5/1289/3101/3104/ita-4375.jpg;https://esternidavivere.it/losalegnami.com/repository/1/5/1289/3101/3104/ita-4376.jpg;https://esternidavivere.it/losalegnami.com/repository/1/5/1289/3101/3104/ita-4379.jpg;https://esternidavivere.it/losalegnami.com/repository/1/5/1289/3101/3104/ita-4380.jpg;https://esternidavivere.it/losalegnami.com/repository/1/5/1289/3101/3104/ita-4383.jpg;https://esternidavivere.it/losalegnami.com/repository/1/5/1289/3101/3104/ita-4388.jpg;;;;;;
https://esternidavivere.it/losalegnami.com/repository/1/5/1070/1071/ita-1072.jpg;;;;;;;;;;;;
https://esternidavivere.it/losalegnami.com/repository/1/5/1070/1117/ita-1118.jpg;;;;;;;;;;;;
https://esternidavivere.it/losalegnami.com/repository/1/5/1070/1106/ita-1107.jpg;;;;;;;;;;;;
https://esternidavivere.it/losalegnami.com/repository/1/5/1070/1128/ita-1129.jpg;;;;;;;;;;;;
https://esternidavivere.it/losalegnami.com/repository/1/5/1070/1128/ita-1129.jpg;;;;;;;;;;;;
https://esternidavivere.it/losalegnami.com/repository/1/5/1070/1139/ita-1140.jpg;;;;;;;;;;;;
https://esternidavivere.it/losalegnami.com/repository/1/5/1070/1150/ita-1151.jpg;;;;;;;;;;;;
https://esternidavivere.it/losalegnami.com/repository/1/5/780/781/ita-782.jpg;https://esternidavivere.it/losalegnami.com/repository/1/5/780/781/784/ita-876.jpg;;;;;;;;;;;
https://esternidavivere.it/losalegnami.com/repository/1/5/780/781/ita-782.jpg;https://esternidavivere.it/losalegnami.com/repository/1/5/780/781/784/ita-876.jpg;;;;;;;;;;;
https://esternidavivere.it/losalegnami.com/repository/1/5/780/781/ita-782.jpg;https://esternidavivere.it/losalegnami.com/repository/1/5/780/781/784/ita-876.jpg;;;;;;;;;;;
https://esternidavivere.it/losalegnami.com/repository/1/5/780/781/ita-782.jpg;https://esternidavivere.it/losalegnami.com/repository/1/5/780/781/784/ita-876.jpg;;;;;;;;;;;
https://esternidavivere.it/losalegnami.com/repository/1/5/780/781/ita-782.jpg;https://esternidavivere.it/losalegnami.com/repository/1/5/780/781/784/ita-876.jpg;;;;;;;;;;;
https://esternidavivere.it/losalegnami.com/repository/1/5/780/781/ita-782.jpg;https://esternidavivere.it/losalegnami.com/repository/1/5/780/781/784/ita-876.jpg;;;;;;;;;;;
https://esternidavivere.it/losalegnami.com/repository/1/5/780/781/ita-782.jpg;https://esternidavivere.it/losalegnami.com/repository/1/5/780/781/784/ita-876.jpg;;;;;;;;;;;
https://esternidavivere.it/losalegnami.com/repository/1/5/780/781/ita-782.jpg;https://esternidavivere.it/losalegnami.com/repository/1/5/780/781/784/ita-876.jpg;;;;;;;;;;;
https://esternidavivere.it/losalegnami.com/repository/1/5/780/781/ita-782.jpg;https://esternidavivere.it/losalegnami.com/repository/1/5/780/781/784/ita-876.jpg;;;;;;;;;;;
https://esternidavivere.it/losalegnami.com/repository/1/5/780/781/ita-782.jpg;https://esternidavivere.it/losalegnami.com/repository/1/5/780/781/784/ita-876.jpg;;;;;;;;;;;
https://esternidavivere.it/losalegnami.com/repository/1/5/780/781/ita-782.jpg;https://esternidavivere.it/losalegnami.com/repository/1/5/780/781/784/ita-876.jpg;;;;;;;;;;;
https://esternidavivere.it/losalegnami.com/repository/1/5/780/781/ita-782.jpg;https://esternidavivere.it/losalegnami.com/repository/1/5/780/781/784/ita-876.jpg;;;;;;;;;;;
https://esternidavivere.it/losalegnami.com/repository/1/5/780/781/ita-782.jpg;https://esternidavivere.it/losalegnami.com/repository/1/5/780/781/784/ita-876.jpg;;;;;;;;;;;
https://esternidavivere.it/losalegnami.com/repository/1/5/780/781/ita-782.jpg;https://esternidavivere.it/losalegnami.com/repository/1/5/780/781/784/ita-876.jpg;;;;;;;;;;;
https://esternidavivere.it/losalegnami.com/repository/1/5/780/781/ita-782.jpg;https://esternidavivere.it/losalegnami.com/repository/1/5/780/781/784/ita-876.jpg;;;;;;;;;;;
https://esternidavivere.it/losalegnami.com/repository/1/5/780/781/ita-782.jpg;https://esternidavivere.it/losalegnami.com/repository/1/5/780/781/784/ita-876.jpg;;;;;;;;;;;
https://esternidavivere.it/losalegnami.com/repository/1/5/780/781/ita-782.jpg;https://esternidavivere.it/losalegnami.com/repository/1/5/780/781/784/ita-876.jpg;;;;;;;;;;;
https://esternidavivere.it/losalegnami.com/repository/1/5/780/781/ita-782.jpg;https://esternidavivere.it/losalegnami.com/repository/1/5/780/781/784/ita-876.jpg;;;;;;;;;;;
https://esternidavivere.it/losalegnami.com/repository/1/5/780/945/ita-946.jpg;https://esternidavivere.it/losalegnami.com/repository/1/5/780/945/948/ita-949.jpg;;;;;;;;;;;
https://esternidavivere.it/losalegnami.com/repository/1/5/780/945/ita-946.jpg;https://esternidavivere.it/losalegnami.com/repository/1/5/780/945/948/ita-949.jpg;;;;;;;;;;;
https://esternidavivere.it/losalegnami.com/repository/1/5/780/945/ita-946.jpg;https://esternidavivere.it/losalegnami.com/repository/1/5/780/945/948/ita-949.jpg;;;;;;;;;;;
https://esternidavivere.it/losalegnami.com/repository/1/5/780/945/ita-946.jpg;https://esternidavivere.it/losalegnami.com/repository/1/5/780/945/948/ita-949.jpg;;;;;;;;;;;
https://esternidavivere.it/losalegnami.com/repository/1/5/780/945/ita-946.jpg;https://esternidavivere.it/losalegnami.com/repository/1/5/780/945/948/ita-949.jpg;;;;;;;;;;;
https://esternidavivere.it/losalegnami.com/repository/1/5/780/945/ita-946.jpg;https://esternidavivere.it/losalegnami.com/repository/1/5/780/945/948/ita-949.jpg;;;;;;;;;;;
https://esternidavivere.it/losalegnami.com/repository/1/5/780/945/ita-946.jpg;https://esternidavivere.it/losalegnami.com/repository/1/5/780/945/948/ita-949.jpg;;;;;;;;;;;
https://esternidavivere.it/losalegnami.com/repository/1/5/780/945/ita-946.jpg;https://esternidavivere.it/losalegnami.com/repository/1/5/780/945/948/ita-949.jpg;;;;;;;;;;;
https://esternidavivere.it/losalegnami.com/repository/1/5/780/945/ita-946.jpg;https://esternidavivere.it/losalegnami.com/repository/1/5/780/945/948/ita-949.jpg;;;;;;;;;;;
https://esternidavivere.it/losalegnami.com/repository/1/5/780/945/ita-946.jpg;https://esternidavivere.it/losalegnami.com/repository/1/5/780/945/948/ita-949.jpg;;;;;;;;;;;
https://esternidavivere.it/losalegnami.com/repository/1/5/780/945/ita-946.jpg;https://esternidavivere.it/losalegnami.com/repository/1/5/780/945/948/ita-949.jpg;;;;;;;;;;;
https://esternidavivere.it/losalegnami.com/repository/1/5/780/945/ita-946.jpg;https://esternidavivere.it/losalegnami.com/repository/1/5/780/945/948/ita-949.jpg;;;;;;;;;;;
https://esternidavivere.it/losalegnami.com/repository/1/5/780/945/ita-946.jpg;https://esternidavivere.it/losalegnami.com/repository/1/5/780/945/948/ita-949.jpg;;;;;;;;;;;
https://esternidavivere.it/losalegnami.com/repository/1/5/780/945/ita-946.jpg;https://esternidavivere.it/losalegnami.com/repository/1/5/780/945/948/ita-949.jpg;;;;;;;;;;;
https://esternidavivere.it/losalegnami.com/repository/1/5/780/988/ita-989.jpg;;;;;;;;;;;;
https://esternidavivere.it/losalegnami.com/repository/1/5/780/988/ita-989.jpg;;;;;;;;;;;;
https://esternidavivere.it/losalegnami.com/repository/1/5/780/988/ita-989.jpg;;;;;;;;;;;;
https://esternidavivere.it/losalegnami.com/repository/1/5/780/988/ita-989.jpg;;;;;;;;;;;;
https://esternidavivere.it/losalegnami.com/repository/1/5/780/988/ita-989.jpg;;;;;;;;;;;;
https://esternidavivere.it/losalegnami.com/repository/1/5/780/988/ita-989.jpg;;;;;;;;;;;;
https://esternidavivere.it/losalegnami.com/repository/1/5/780/1019/1022/ita-3668.jpg;;;;;;;;;;;;
https://esternidavivere.it/losalegnami.com/repository/1/5/780/1019/1022/ita-3667.jpg;;;;;;;;;;;;
https://esternidavivere.it/losalegnami.com/repository/1/5/780/1019/1022/ita-3667.jpg;;;;;;;;;;;;
https://esternidavivere.it/losalegnami.com/repository/1/5/780/1019/1022/ita-3669.jpg;;;;;;;;;;;;
https://esternidavivere.it/losalegnami.com/repository/1/5/780/1019/1022/ita-3669.jpg;;;;;;;;;;;;
https://esternidavivere.it/losalegnami.com/repository/1/5/780/1019/1022/ita-3670.jpg;;;;;;;;;;;;
https://esternidavivere.it/losalegnami.com/repository/1/5/780/1019/1022/ita-3670.jpg;;;;;;;;;;;;
https://esternidavivere.it/Apps/WebObjects/LosaLegnami.woa/wa/viewMultimediaContent?id=1351&lang=ita;;;;;;;;;;;;
https://esternidavivere.it/Apps/WebObjects/LosaLegnami.woa/wa/viewMultimediaContent?id=1351&lang=ita;;;;;;;;;;;;
https://esternidavivere.it/Apps/WebObjects/LosaLegnami.woa/wa/viewMultimediaContent?id=1351&lang=ita;;;;;;;;;;;;
https://esternidavivere.it/Apps/WebObjects/LosaLegnami.woa/wa/viewMultimediaContent?id=1351&lang=ita;;;;;;;;;;;;
https://esternidavivere.it/Apps/WebObjects/LosaLegnami.woa/wa/viewMultimediaContent?id=1351&lang=ita;;;;;;;;;;;;
https://esternidavivere.it/Apps/WebObjects/LosaLegnami.woa/wa/viewMultimediaContent?id=1351&lang=ita;;;;;;;;;;;;
https://esternidavivere.it/Apps/WebObjects/LosaLegnami.woa/wa/viewMultimediaContent?id=1351&lang=ita;;;;;;;;;;;;
https://esternidavivere.it/Apps/WebObjects/LosaLegnami.woa/wa/viewMultimediaContent?id=1351&lang=ita;;;;;;;;;;;;
https://esternidavivere.it/losalegnami.com/repository/1/5/1185/1199/ita-1200.jpg;;;;;;;;;;;;
https://esternidavivere.it/losalegnami.com/repository/1/5/1185/1199/ita-1200.jpg;;;;;;;;;;;;
https://esternidavivere.it/losalegnami.com/repository/1/5/1185/1199/ita-1200.jpg;;;;;;;;;;;;
https://esternidavivere.it/losalegnami.com/repository/1/5/1185/1199/ita-1200.jpg;;;;;;;;;;;;
https://esternidavivere.it/losalegnami.com/repository/1/5/1185/1199/ita-1200.jpg;;;;;;;;;;;;
https://esternidavivere.it/losalegnami.com/repository/1/5/1185/1199/ita-1200.jpg;;;;;;;;;;;;
https://esternidavivere.it/losalegnami.com/repository/1/5/1185/1199/ita-1200.jpg;;;;;;;;;;;;
https://esternidavivere.it/losalegnami.com/repository/1/5/1185/1199/ita-1200.jpg;;;;;;;;;;;;
https://esternidavivere.it/losalegnami.com/repository/1/5/1185/1199/ita-1200.jpg;;;;;;;;;;;;
https://esternidavivere.it/losalegnami.com/repository/1/5/1185/1372/1375/ita-1391.jpg;;;;;;;;;;;;
https://esternidavivere.it/losalegnami.com/repository/1/5/1185/1372/1375/ita-1391.jpg;;;;;;;;;;;;
https://esternidavivere.it/losalegnami.com/repository/1/5/1185/1372/1375/ita-1391.jpg;;;;;;;;;;;;
https://esternidavivere.it/losalegnami.com/repository/1/5/1185/1372/1375/ita-1391.jpg;;;;;;;;;;;;
https://esternidavivere.it/losalegnami.com/repository/1/5/1185/1372/1375/ita-1391.jpg;;;;;;;;;;;;
https://esternidavivere.it/losalegnami.com/repository/1/5/1185/1372/1375/ita-1391.jpg;;;;;;;;;;;;
https://esternidavivere.it/losalegnami.com/repository/1/5/1983/1997/2000/ita-4444.jpg;;;;;;;;;;;;
https://esternidavivere.it/losalegnami.com/repository/1/5/1983/1997/2000/ita-4444.jpg;;;;;;;;;;;;
https://esternidavivere.it/losalegnami.com/repository/1/5/1983/1997/2000/ita-4444.jpg;;;;;;;;;;;;
https://esternidavivere.it/losalegnami.com/repository/1/5/1983/1997/2000/ita-4443.jpg;;;;;;;;;;;;
https://esternidavivere.it/losalegnami.com/repository/1/5/1983/1997/2000/ita-4447.jpg;;;;;;;;;;;;
https://esternidavivere.it/losalegnami.com/repository/1/5/1983/1997/2000/ita-4448.jpg;;;;;;;;;;;;
https://esternidavivere.it/losalegnami.com/repository/1/5/1983/1997/2000/ita-4445.jpg;;;;;;;;;;;;
https://esternidavivere.it/losalegnami.com/repository/1/5/1983/1997/2000/ita-4445.jpg;;;;;;;;;;;;
https://esternidavivere.it/losalegnami.com/repository/1/5/1983/1997/2000/ita-4445.jpg;;;;;;;;;;;;
https://esternidavivere.it/losalegnami.com/repository/1/5/1983/1997/2000/ita-4446.png;;;;;;;;;;;;
https://esternidavivere.it/losalegnami.com/repository/1/5/1983/1997/2000/ita-4446.png;;;;;;;;;;;;
https://esternidavivere.it/losalegnami.com/repository/1/5/1983/1997/2000/ita-4439.jpg;https://esternidavivere.it/losalegnami.com/repository/1/5/1983/1997/2000/ita-4438.jpg;;;;;;;;;;;
https://esternidavivere.it/losalegnami.com/repository/1/5/1983/1997/2000/ita-4441.jpg;https://esternidavivere.it/losalegnami.com/repository/1/5/1983/1997/2000/ita-4440.jpg;;;;;;;;;;;
https://esternidavivere.it/losalegnami.com/repository/1/5/1983/2155/2160/ita-2189.jpg;;;;;;;;;;;;
https://esternidavivere.it/losalegnami.com/repository/1/5/1983/2155/2160/ita-2188.jpg;;;;;;;;;;;;
https://esternidavivere.it/losalegnami.com/repository/1/5/1983/2155/2160/ita-2191.jpg;;;;;;;;;;;;
https://esternidavivere.it/losalegnami.com/repository/1/5/1983/2155/2160/xag-800x2048-ita-2190.jpg;;;;;;;;;;;;
https://esternidavivere.it/losalegnami.com/repository/1/5/1983/1997/2000/ita-4862.jpg;;;;;;;;;;;;
https://esternidavivere.it/losalegnami.com/repository/1/5/1983/1997/2000/ita-4454.jpg;;;;;;;;;;;;
https://esternidavivere.it/losalegnami.com/repository/1/5/1983/1997/2000/ita-4451.jpg;;;;;;;;;;;;
https://esternidavivere.it/losalegnami.com/repository/1/5/1983/1997/2000/ita-4452.jpg;;;;;;;;;;;;
https://esternidavivere.it/losalegnami.com/repository/1/5/1983/1997/2000/ita-4450.jpg;;;;;;;;;;;;
https://esternidavivere.it/losalegnami.com/repository/1/5/1983/1997/2000/ita-4449.jpg;;;;;;;;;;;;
https://esternidavivere.it/losalegnami.com/repository/1/5/1983/1997/2000/ita-4862.jpg;;;;;;;;;;;;
https://esternidavivere.it/losalegnami.com/repository/1/5/1983/2203/ita-2214.jpg;https://esternidavivere.it/losalegnami.com/repository/1/5/1983/2203/2212/ita-2204.jpg;;;;;;;;;;;
https://esternidavivere.it/losalegnami.com/repository/1/5/1983/2203/ita-2214.jpg;https://esternidavivere.it/losalegnami.com/repository/1/5/1983/2203/2212/ita-2204.jpg;;;;;;;;;;;
https://esternidavivere.it/losalegnami.com/repository/1/5/1983/2207/ita-2216.jpg;https://esternidavivere.it/losalegnami.com/repository/1/5/1983/2203/2212/ita-2204.jpg;https://esternidavivere.it/losalegnami.com/repository/1/5/1983/2207/2211/ita-2215.jpg;;;;;;;;;;
https://esternidavivere.it/losalegnami.com/repository/1/5/1983/2207/ita-2216.jpg;https://esternidavivere.it/losalegnami.com/repository/1/5/1983/2203/2212/ita-2204.jpg;https://esternidavivere.it/losalegnami.com/repository/1/5/1983/2207/2211/ita-2215.jpg;;;;;;;;;;
https://esternidavivere.it/losalegnami.com/repository/1/5/1983/2207/ita-2216.jpg;https://esternidavivere.it/losalegnami.com/repository/1/5/1983/2203/2212/ita-2204.jpg;https://esternidavivere.it/losalegnami.com/repository/1/5/1983/2207/2211/ita-2215.jpg;;;;;;;;;;
https://esternidavivere.it/losalegnami.com/repository/1/5/1983/2207/ita-2216.jpg;https://esternidavivere.it/losalegnami.com/repository/1/5/1983/2203/2212/ita-2204.jpg;https://esternidavivere.it/losalegnami.com/repository/1/5/1983/2207/2211/ita-2215.jpg;;;;;;;;;;
https://esternidavivere.it/losalegnami.com/repository/1/5/1983/2207/ita-2216.jpg;https://esternidavivere.it/losalegnami.com/repository/1/5/1983/2203/2212/ita-2204.jpg;https://esternidavivere.it/losalegnami.com/repository/1/5/1983/2207/2211/ita-2215.jpg;;;;;;;;;;
https://esternidavivere.it/losalegnami.com/repository/1/5/1631/1831/ita-1832.jpg;https://esternidavivere.it/losalegnami.com/repository/1/5/1631/1831/1834/ita-1842.jpg;https://esternidavivere.it/losalegnami.com/repository/1/5/1631/1831/1834/ita-1844.jpg;https://esternidavivere.it/losalegnami.com/repository/1/5/1631/1831/1834/ita-1845.jpg;;;;;;;;;
https://esternidavivere.it/losalegnami.com/repository/1/5/1631/1847/ita-1848.jpg;https://esternidavivere.it/losalegnami.com/repository/1/5/1631/1847/1850/ita-1861.jpg;https://esternidavivere.it/losalegnami.com/repository/1/5/1631/1847/1850/ita-1862.jpg;https://esternidavivere.it/losalegnami.com/repository/1/5/1631/1847/1850/ita-1863.jpg;https://esternidavivere.it/losalegnami.com/repository/1/5/1631/1847/1850/ita-1864.jpg;;;;;;;;
https://esternidavivere.it/losalegnami.com/repository/1/5/1631/1865/ita-1866.jpg;https://esternidavivere.it/losalegnami.com/repository/1/5/1631/1865/1868/ita-1880.jpg;https://esternidavivere.it/losalegnami.com/repository/1/5/1631/1865/1868/ita-1881.jpg;https://esternidavivere.it/losalegnami.com/repository/1/5/1631/1865/1868/ita-1882.jpg;;;;;;;;;
https://esternidavivere.it/losalegnami.com/repository/1/5/1631/4505/ita-4506.jpg;https://esternidavivere.it/losalegnami.com/repository/1/5/1631/4505/4508/ita-4518.jpg;https://esternidavivere.it/losalegnami.com/repository/1/5/1631/4505/4508/ita-4519.jpg;https://esternidavivere.it/losalegnami.com/repository/1/5/1631/4505/4508/ita-4520.jpg;;;;;;;;;
https://esternidavivere.it/losalegnami.com/repository/1/5/1631/1919/ita-1920.jpg;https://esternidavivere.it/losalegnami.com/repository/1/5/1631/1919/1922/ita-1929.jpg;https://esternidavivere.it/losalegnami.com/repository/1/5/1631/1930/ita-1931.jpg;;;;;;;;;;
https://esternidavivere.it/losalegnami.com/repository/1/5/1631/1919/ita-1920.jpg;https://esternidavivere.it/losalegnami.com/repository/1/5/1631/1919/1922/ita-1929.jpg;https://esternidavivere.it/losalegnami.com/repository/1/5/1631/1930/ita-1931.jpg;;;;;;;;;;
https://esternidavivere.it/losalegnami.com/repository/1/5/1631/4472/ita-4473.jpg;https://esternidavivere.it/losalegnami.com/repository/1/5/1631/4472/4475/ita-4488.jpg;https://esternidavivere.it/losalegnami.com/repository/1/5/1631/4472/4475/ita-4489.jpg;;;;;;;;;;
https://esternidavivere.it/losalegnami.com/repository/1/5/1631/4455/ita-4456.jpg;https://esternidavivere.it/losalegnami.com/repository/1/5/1631/4455/4458/ita-4467.jpg;https://esternidavivere.it/losalegnami.com/repository/1/5/1631/4455/4458/ita-4468.jpg;https://esternidavivere.it/losalegnami.com/repository/1/5/1631/4455/4458/ita-4469.jpg;https://esternidavivere.it/losalegnami.com/repository/1/5/1631/4455/4458/ita-4470.jpg;https://esternidavivere.it/losalegnami.com/repository/1/5/1631/4455/4458/ita-4471.jpg;;;;;;;
https://esternidavivere.it/losalegnami.com/repository/1/5/4522/4772/ita-4773.jpg;https://esternidavivere.it/losalegnami.com/repository/1/5/4522/4772/4775/ita-4784.jpg;;;;;;;;;;;
https://esternidavivere.it/losalegnami.com/repository/1/5/4522/4785/ita-4786.jpg;https://esternidavivere.it/losalegnami.com/repository/1/5/4522/4785/4788/ita-4797.jpg;https://esternidavivere.it/losalegnami.com/repository/1/5/4522/4785/4788/ita-4798.jpg;;;;;;;;;;
https://esternidavivere.it/losalegnami.com/repository/1/5/4522/4799/ita-4800.jpg;https://esternidavivere.it/losalegnami.com/repository/1/5/4522/4799/4802/ita-4812.jpg;https://esternidavivere.it/losalegnami.com/repository/1/5/4522/4799/4802/ita-4813.jpg;;;;;;;;;;
https://esternidavivere.it/losalegnami.com/repository/1/5/4522/4814/ita-4815.jpg;https://esternidavivere.it/losalegnami.com/repository/1/5/4522/4814/4817/ita-4826.jpg;https://esternidavivere.it/losalegnami.com/repository/1/5/4522/4814/4817/ita-4827.jpg;https://esternidavivere.it/losalegnami.com/repository/1/5/4522/4814/4817/ita-4828.jpg;https://esternidavivere.it/losalegnami.com/repository/1/5/4522/4814/4817/ita-4829.jpg;https://esternidavivere.it/losalegnami.com/repository/1/5/4522/4814/4817/ita-4830.jpg;;;;;;;
https://esternidavivere.it/losalegnami.com/repository/1/5/4522/4831/ita-4832.jpg;;;;;;;;;;;;
https://esternidavivere.it/losalegnami.com/repository/1/5/1753/2756/ita-2757.jpg;https://esternidavivere.it/losalegnami.com/repository/1/5/1753/2756/2759/ita-2848.jpg;https://esternidavivere.it/losalegnami.com/repository/1/5/1753/2756/2759/ita-2849.jpg;https://esternidavivere.it/losalegnami.com/repository/1/5/1753/2756/2759/ita-2850.jpg;https://esternidavivere.it/losalegnami.com/repository/1/5/1753/2756/2759/ita-2851.jpg;https://esternidavivere.it/losalegnami.com/repository/1/5/1753/2756/2759/ita-2852.jpg;https://esternidavivere.it/losalegnami.com/repository/1/5/1753/2756/2759/ita-2853.jpg;https://esternidavivere.it/losalegnami.com/repository/1/5/1753/2756/2759/ita-2853.jpg;https://esternidavivere.it/losalegnami.com/repository/1/5/1753/2756/2759/ita-2854.jpg;https://esternidavivere.it/losalegnami.com/repository/1/5/1753/2756/2759/ita-2855.jpg;https://esternidavivere.it/losalegnami.com/repository/1/5/1753/2756/2759/ita-2856.jpg;https://esternidavivere.it/losalegnami.com/repository/1/5/1753/2756/2759/ita-2857.jpg;
https://esternidavivere.it/losalegnami.com/repository/1/5/1753/2720/ita-2721.jpg;https://esternidavivere.it/losalegnami.com/repository/1/5/1753/2720/2723/ita-2809.jpg;https://esternidavivere.it/losalegnami.com/repository/1/5/1753/2720/2723/ita-2810.jpg;https://esternidavivere.it/losalegnami.com/repository/1/5/1753/2720/2723/ita-2811.jpg;https://esternidavivere.it/losalegnami.com/repository/1/5/1753/2720/2723/ita-2812.jpg;https://esternidavivere.it/losalegnami.com/repository/1/5/1753/2720/2723/ita-2813.jpg;https://esternidavivere.it/losalegnami.com/repository/1/5/1753/2720/2723/ita-2814.jpg;;;;;;
https://esternidavivere.it/losalegnami.com/repository/1/5/1753/2711/ita-2712.jpg;https://esternidavivere.it/losalegnami.com/repository/1/5/1753/2711/2714/ita-2801.jpg;https://esternidavivere.it/losalegnami.com/repository/1/5/1753/2711/2714/ita-2802.jpg;https://esternidavivere.it/losalegnami.com/repository/1/5/1753/2711/2714/ita-2803.jpg;https://esternidavivere.it/losalegnami.com/repository/1/5/1753/2711/2714/ita-2804.jpg;https://esternidavivere.it/losalegnami.com/repository/1/5/1753/2711/2714/ita-2806.jpg;;;;;;;
https://esternidavivere.it/losalegnami.com/repository/1/5/1753/2792/ita-2793.jpg;https://esternidavivere.it/losalegnami.com/repository/1/5/1753/2792/2795/ita-2874.jpg;https://esternidavivere.it/losalegnami.com/repository/1/5/1753/2792/2795/ita-2875.jpg;https://esternidavivere.it/losalegnami.com/repository/1/5/1753/2792/2795/ita-2876.jpg;https://esternidavivere.it/losalegnami.com/repository/1/5/1753/2792/2795/ita-2877.jpg;https://esternidavivere.it/losalegnami.com/repository/1/5/1753/2792/2795/ita-2878.jpg;https://esternidavivere.it/losalegnami.com/repository/1/5/1753/2792/2795/ita-2879.jpg;https://esternidavivere.it/losalegnami.com/repository/1/5/1753/2792/2795/ita-2880.jpg;;;;;
https://esternidavivere.it/losalegnami.com/repository/1/5/1753/2783/ita-2784.jpg;https://esternidavivere.it/losalegnami.com/repository/1/5/1753/2783/2786/ita-2870.jpg;https://esternidavivere.it/losalegnami.com/repository/1/5/1753/2783/2786/ita-2871.jpg;https://esternidavivere.it/losalegnami.com/repository/1/5/1753/2783/2786/ita-2872.jpg;;;;;;;;;
https://esternidavivere.it/losalegnami.com/repository/1/5/1753/1754/ita-1755.jpg;https://esternidavivere.it/losalegnami.com/repository/1/5/1753/1754/1757/ita-2023.jpg;https://esternidavivere.it/losalegnami.com/repository/1/5/1753/1754/1757/ita-2024.jpg;https://esternidavivere.it/losalegnami.com/repository/1/5/1753/1754/1757/ita-2025.jpg;https://esternidavivere.it/losalegnami.com/repository/1/5/1753/1754/1757/ita-2026.jpg;https://esternidavivere.it/losalegnami.com/repository/1/5/1753/1754/1757/ita-2027.jpg;https://esternidavivere.it/losalegnami.com/repository/1/5/1753/1754/1757/ita-2028.jpg;https://esternidavivere.it/losalegnami.com/repository/1/5/1753/1754/1757/ita-2029.jpg;https://esternidavivere.it/losalegnami.com/repository/1/5/1753/1754/1757/ita-2030.jpg;;;;
https://esternidavivere.it/losalegnami.com/repository/1/5/1753/2031/ita-2032.jpg;https://esternidavivere.it/losalegnami.com/repository/1/5/1753/2031/2034/ita-2052.jpg;https://esternidavivere.it/losalegnami.com/repository/1/5/1753/2031/2034/ita-2053.jpg;https://esternidavivere.it/losalegnami.com/repository/1/5/1753/2031/2034/ita-2054.jpg;https://esternidavivere.it/losalegnami.com/repository/1/5/1753/2031/2034/ita-2055.jpg;https://esternidavivere.it/losalegnami.com/repository/1/5/1753/2031/2034/ita-2056.jpg;https://esternidavivere.it/losalegnami.com/repository/1/5/1753/2031/2034/ita-2057.jpg;https://esternidavivere.it/losalegnami.com/repository/1/5/1753/2031/2034/ita-2058.jpg;https://esternidavivere.it/losalegnami.com/repository/1/5/1753/2031/2034/ita-2059.jpg;https://esternidavivere.it/losalegnami.com/repository/1/5/1753/2031/2034/ita-2060.jpg;https://esternidavivere.it/losalegnami.com/repository/1/5/1753/2031/2034/ita-2061.jpg;;
https://esternidavivere.it/losalegnami.com/repository/1/5/1753/2062/ita-2063.jpg;https://esternidavivere.it/losalegnami.com/repository/1/5/1753/2062/2065/ita-2085.jpg;https://esternidavivere.it/losalegnami.com/repository/1/5/1753/2062/2065/ita-2086.jpg;https://esternidavivere.it/losalegnami.com/repository/1/5/1753/2062/2065/ita-2087.jpg;https://esternidavivere.it/losalegnami.com/repository/1/5/1753/2062/2065/ita-2088.jpg;https://esternidavivere.it/losalegnami.com/repository/1/5/1753/2062/2065/ita-2089.jpg;https://esternidavivere.it/losalegnami.com/repository/1/5/1753/2062/2065/ita-2090.jpg;https://esternidavivere.it/losalegnami.com/repository/1/5/1753/2062/2065/ita-2091.jpg;;;;;
https://esternidavivere.it/losalegnami.com/repository/1/5/1753/2747/ita-2748.jpg;https://esternidavivere.it/losalegnami.com/repository/1/5/1753/2747/2750/ita-2835.jpg;https://esternidavivere.it/losalegnami.com/repository/1/5/1753/2747/2750/ita-2836.jpg;https://esternidavivere.it/losalegnami.com/repository/1/5/1753/2747/2750/ita-2837.jpg;https://esternidavivere.it/losalegnami.com/repository/1/5/1753/2747/2750/ita-2838.jpg;https://esternidavivere.it/losalegnami.com/repository/1/5/1753/2747/2750/ita-2839.jpg;https://esternidavivere.it/losalegnami.com/repository/1/5/1753/2747/2750/ita-2840.jpg;https://esternidavivere.it/losalegnami.com/repository/1/5/1753/2747/2750/ita-2841.jpg;https://esternidavivere.it/losalegnami.com/repository/1/5/1753/2747/2750/ita-2842.jpg;https://esternidavivere.it/losalegnami.com/repository/1/5/1753/2747/2750/ita-2843.jpg;https://esternidavivere.it/losalegnami.com/repository/1/5/1753/2747/2750/ita-2844.jpg;https://esternidavivere.it/losalegnami.com/repository/1/5/1753/2747/2750/ita-2845.jpg;https://esternidavivere.it/losalegnami.com/repository/1/5/1753/2747/2750/ita-2846.jpg
https://esternidavivere.it/losalegnami.com/repository/1/5/1753/2765/ita-2766.jpg;https://esternidavivere.it/losalegnami.com/repository/1/5/1753/2765/2768/ita-2859.jpg;https://esternidavivere.it/losalegnami.com/repository/1/5/1753/2765/2768/ita-2860.jpg;https://esternidavivere.it/losalegnami.com/repository/1/5/1753/2765/2768/ita-2861.jpg;https://esternidavivere.it/losalegnami.com/repository/1/5/1753/2765/2768/ita-2862.jpg;https://esternidavivere.it/losalegnami.com/repository/1/5/1753/2765/2768/ita-2863.jpg;;;;;;;
https://esternidavivere.it/losalegnami.com/repository/1/5/1753/2774/ita-2775.jpg;https://esternidavivere.it/losalegnami.com/repository/1/5/1753/2774/2777/ita-2865.jpg;https://esternidavivere.it/losalegnami.com/repository/1/5/1753/2774/2777/ita-2866.jpg;https://esternidavivere.it/losalegnami.com/repository/1/5/1753/2774/2777/ita-2867.jpg;https://esternidavivere.it/losalegnami.com/repository/1/5/1753/2774/2777/ita-2868.jpg;;;;;;;;
https://esternidavivere.it/losalegnami.com/repository/1/5/1753/2729/ita-2730.jpg;https://esternidavivere.it/losalegnami.com/repository/1/5/1753/2729/2732/ita-2817.jpg;https://esternidavivere.it/losalegnami.com/repository/1/5/1753/2729/2732/ita-2818.jpg;https://esternidavivere.it/losalegnami.com/repository/1/5/1753/2729/2732/ita-2819.jpg;https://esternidavivere.it/losalegnami.com/repository/1/5/1753/2729/2732/ita-2820.jpg;https://esternidavivere.it/losalegnami.com/repository/1/5/1753/2729/2732/ita-2821.jpg;https://esternidavivere.it/losalegnami.com/repository/1/5/1753/2729/2732/ita-2822.jpg;https://esternidavivere.it/losalegnami.com/repository/1/5/1753/2729/2732/ita-2823.jpg;https://esternidavivere.it/losalegnami.com/repository/1/5/1753/2729/2732/ita-2824.jpg;https://esternidavivere.it/losalegnami.com/repository/1/5/1753/2729/2732/ita-2825.jpg;https://esternidavivere.it/losalegnami.com/repository/1/5/1753/2729/2732/ita-2826.jpg;;
https://esternidavivere.it/losalegnami.com/repository/1/5/1753/2738/ita-2739.jpg;https://esternidavivere.it/losalegnami.com/repository/1/5/1753/2738/2741/ita-2828.jpg;https://esternidavivere.it/losalegnami.com/repository/1/5/1753/2738/2741/ita-2829.jpg;https://esternidavivere.it/losalegnami.com/repository/1/5/1753/2738/2741/ita-2830.jpg;https://esternidavivere.it/losalegnami.com/repository/1/5/1753/2738/2741/ita-2831.jpg;https://esternidavivere.it/losalegnami.com/repository/1/5/1753/2738/2741/ita-2832.jpg;https://esternidavivere.it/losalegnami.com/repository/1/5/1753/2738/2741/ita-2833.jpg;;;;;;
